Feature ID,Feature Name,Cluster 1 Mean Counts,Cluster 1 Log2 fold change,Cluster 1 Adjusted p value,Cluster 2 Mean Counts,Cluster 2 Log2 fold change,Cluster 2 Adjusted p value,Cluster 3 Mean Counts,Cluster 3 Log2 fold change,Cluster 3 Adjusted p value
ENSMUSG00000026090,2010300C02Rik,3.314650188322144,0.35047862110037387,0.0000000000000000000000000000000000000014484188525454141,2.7983485268073496,-0.06004263828529943,0.020447142414509078,1.587203007660372,-0.9200158219043733,0.0000000000000000000000000000000000000000000000000000000000000000000000000000000000000000008009911935735021
ENSMUSG00000032281,Acsbg1,3.0801644209265655,0.4636828275674858,0.000000000000000000000000000000000000000000000000000000000000000006959010520704326,2.0989670955264774,-0.5358452966325957,0.000000000000000000000000000000000000000000000000000000000000000000000000000000000000000000013178713330718529,2.919032092380534,0.23036610128763324,0.00000003750526782218561
ENSMUSG00000035783,Acta2,0.16050010063015693,-1.1009354219713865,0.00000000000000000000000000000000000000000000000000000336868608014275,0.10116130176297945,-2.2695193174733452,0.0000000000000000000000000000000000000000000000000000000000000000000000000000000000000000000000000000000000000000000000000000000000000000000000000000000000000000000000000000000000000000000000000000000000000000000000000000000000000000000000000000000000011083530692644964,1.5838921962134376,3.6667521409509387,0
ENSMUSG00000000530,Acvrl1,0.08915206904353827,-2.546491290576909,0,0.0887759711532996,-2.969161690256022,0,2.7250185415901758,4.93694439714916,0
ENSMUSG00000036545,Adamts2,0.14210259525800664,0.2413482886740339,0.0000003115996875811434,0.10557844764475338,-0.5467974207775765,0.0000000000000000000000000000000017201133590272027,0.19489643384287422,0.7000303245768702,0.000000000000000000000014369676009316218
ENSMUSG00000066113,Adamtsl1,0.3691370432734669,2.2675097746045605,0,0.07006805918343353,-2.1427236687586486,0,0.11013966080135247,-0.7737363482002624,0.000000000000000000020200320244758378
ENSMUSG00000039167,Adgrl4,0.18601922098507506,-2.1508449886858134,0,0.1446398749522052,-2.9686351192632805,0,4.300744069567841,4.738630289996449,0
ENSMUSG00000013584,Aldh1a2,0.052159235660827495,-2.5381625550375926,0.0000000000000000000000000000000000000000000000000000000000000000000000000000000000000000000000000000000000000000000000000000000000000000000000000000000000000000000000000000000000000000000000000000000000000000000000000000000000000001073964507307094,0.008964207818894154,-5.658816767221025,0,1.8035093555267556,6.109795527504172,0
ENSMUSG00000022309,Angpt1,0.3450686222668904,1.0955899601583643,0.000000000000000000000000000000000000000000000000000000000000000000000000000000000000000000000000000000000000000000000000000000000000000000000000018254988820314759,0.11029873098900199,-1.7174630147305712,0,0.422238819865706,1.054298156711741,0.000000000000000000000000000000000000000000000000000000000000000022725668370598204
ENSMUSG00000031075,Ano1,0.17922731039965756,1.4738126322836695,0.00000000000000000000000000000000000000000000000000000000000028014439686733063,0.018837828025212354,-3.450700679119272,0.0000000000000000000000000000000000000000000000000000000000000000000000000000000000000000000000000000000000000000000000000000000000000000000000000000000000000000000000000000000000000000000000000000000000000000000000000000000000000000004884687405106441,0.297310867934713,1.8513007429547108,0.00000000000000000000000000000000000000000000000000016990664712189982
ENSMUSG00000024411,Aqp4,3.1019249111516896,1.4040678277091354,0,0.8792718625837049,-1.771130916381501,0,2.664320331729711,0.5977353578446624,0.0000000000000000000000000000000000000004195094186961966
ENSMUSG00000022602,Arc,2.4082928000059947,-1.2021769425868465,0,5.787543738918402,1.0270513678594857,0,4.285072895385685,-0.05405324558794389,0.1918411760289623
ENSMUSG00000041225,Arhgap12,0.978826414853759,1.57807441392604,0,0.26104466054248293,-1.7972009604970138,0,0.6681217499913706,0.29246204831417133,0.00000000009576935960279706
ENSMUSG00000030047,Arhgap25,0.17619402994403421,-1.5358586078551988,0.000000000000000000000000000000000000000000000000000000000000000000000000000000000000000000000000000000000000000000000000000000000000000000000000000000000000000000000000000000000000000000000000000000000000000000000000000000000000000000000000000000000000000000000000000000000000000007973675268850412,0.5545250295697568,1.4550398585058972,0.000000000000000000000000000000000000000000000000000000000000000000000000000000000000000000000000000000000000000000000000000000000000000000000000000000000000000000000000000000000000000000000000000000000000000000000000000000000000000000000000000000000000000000000000000000000000000000000000000000553427862501957,0.2893649204620703,-0.48271653310016216,0.0000000000001405912175895488
ENSMUSG00000031355,Arhgap6,0.23534299882868942,0.3406029815948095,0.00043257798604562597,0.1511789830713019,-0.8075508050180384,0.000000000000000006047293956245004,0.362644213820886,0.9750006888178533,0.0000000000022761776561870722
ENSMUSG00000021662,Arhgef28,1.4983746041984618,1.854794660338149,0,0.39849584709886,-1.6691634872250232,0,0.4944145094088768,-0.7548543488303578,0.00000000000000000000000000000000000000000000000000003042037958394342
ENSMUSG00000048251,Bcl11b,1.634740342942572,0.6372738819907858,0.00000000000000000000000000000000000000000000000000000000000000000000000000000000000000000000000000000000008473333210032536,1.1513160824788407,-0.2643373146790461,0.000000000000000000010268194589800257,0.5396622658503142,-1.3149915157593006,0.00000000000000000000000000000000000000000000000000000000000000000000000000000000000000000000000000000000000000000000000000000000000000000000015338504311731366
ENSMUSG00000048482,Bdnf,0.77111264452303,-0.12051331805241794,0.0002653504134132833,0.9672683374049268,0.6062866407097559,0.0000000000000000000000000000000000000000000000000000000000000000000000000000000020950489850403435,0.18099102576574955,-2.2956606066882213,0.000000000000000000000000000000000000000000000000000000000000000000000000000000000000000000000000000000000000000000000000000000000000000000000000000000000000000000000000000000000000000000000000000000000000000000000000000000000000000000000000000000000000000000000031206238576358956
ENSMUSG00000025128,Bhlhe22,1.8901953100096336,0.8715501144912176,0.0000000000000000000000000000000000000000000000000000000000000000000000000000000000000000000000000000000000000000000000000000000000000000000000000000000000000000000000000000000000371367906230079,1.0933735217943943,-0.5692607927200455,0.000000000000000000000000000000000000000000000000000000000000000000000000000000009349879585232929,0.72572986916803,-0.9572761304558248,0.0000000000000000000000000000000000000000000000000000000000000000000000007572920852191543
ENSMUSG00000030103,Bhlhe40,2.4559021149833873,-0.4462088015676433,0.00000000000000000000000000000000000000000000000000000000000000000014516510307124668,3.6560976295553522,0.6704874638071727,0.000000000000000000000000000000000000000000000000000000000000000000000000000000000000000000000000000000000000000000000000000000000000000000000000000000000000000000004594665315697672,1.765545384268574,-0.8491786292268215,0.000000000000000000000000000000000000000000000000000000000000000000000000000000000000000057557040721451345
ENSMUSG00000020042,Btbd11,0.4461559904945118,0.15289256480649738,0.00003667407631796874,0.43959262594007037,0.16915576849306535,0.000002246483701490017,0.2061531927624513,-1.0997859452607621,0.0000000000000000000000000000000000000000000000000000000000000000011299657520111638
ENSMUSG00000009075,Cabp7,5.148466046384866,2.2952004126883345,0,0.7018931416842341,-2.716070766657063,0,2.817500541341211,0.19292589037231878,0.00030923877267779385
ENSMUSG00000010066,Cacna2d2,0.5994025943829607,0.4224590763455469,0.00000000000000000000000000000000000008628870735612562,0.486145879105825,-0.09377205711127157,0.003470547402176011,0.24897302080947012,-1.091907092283372,0.0000000000000000000000000000000000000000000000000000000000000000000000000000000022123377354741453
ENSMUSG00000028222,Calb1,0.8637595801784822,-0.41000937091163625,0.000000000000000000000000000000000000034859655578248605,1.3031013404750917,0.8029941723656918,0.0000000000000000000000000000000000000000000000000000000000000000000000000000000000000000000000000000000000000000000000000000000000000000000000000000000005397372716289686,0.3555811494007592,-1.6661441640671761,0.000000000000000000000000000000000000000000000000000000000000000000000000000000000000000000000000000000000000000000000000000000000000000000000000000000000000000000000000000000000000000000000003061573997784875
ENSMUSG00000003657,Calb2,1.8510923684838805,3.61853096490081,0,0.11471587687077592,-3.7103408979358172,0,0.33395051461412084,-1.2651721214604785,0.00000000000000000000000000000000000000000000000000000008063977936948605
ENSMUSG00000000805,Car4,0.9227107264247272,-0.9241118182456236,0.000000000000000000000000000000000000000000000000000000000000000000000000000000000000000000000000000000000000000000000000000000000000000000000000000000000000000000000000000000000000000000000005216011848349861,1.3792754542598011,-0.16733944060379763,0.0000000070213035473096484,3.6449826823116926,1.604706947964606,0
ENSMUSG00000097324,Carmn,0.2677859115279652,0.5299629478384109,0.000000000000000000000000000013226718349436512,0.049801154549411975,-3.0329006944816914,0,0.8769235919113695,2.686417695244898,0
ENSMUSG00000031654,Cbln1,0.23718934345385145,0.653229270432838,0.00000000000000000000000015681434157916157,0.16542644380761193,-0.27519979807186656,0.000006789643850416426,0.07636938404262116,-1.3403597933613862,0.0000000000000000000000000000011055034238799769
ENSMUSG00000067578,Cbln4,0.1909647869453305,-1.097754017217398,0.0000000000000000000000000000000000000000000000000000000000000000000000000000000000000000000000000000000000000000000000000000000000000000000000000000000000000000000000010992749560074678,0.4672647457288306,1.437155794263398,0.000000000000000000000000000000000000000000000000000000000000000000000000000000000000000000000000000000000000000000000000000000000000000000000000000000000000000000000000000000000000000000000000000000000000000000000000000000000000000000000000000000000000000000000000000000000000000000000000000000000000000000000000000000004224,0.11080182309073935,-1.68844114574306,0.00000000000000000000000000000000000000000000000000000000000000000000000000000000000000000000000000000000000000000000003920193384742059
ENSMUSG00000019997,Ccn2,0.17447956707781234,-1.6693548827750788,0.00000000000000000000000000000000000000000000000000000000000000000000000000000000000000000000000000000000000000000000000000000000000000000000000000000000000000000000000000000000006197323810330802,0.3745912929151422,-0.33865529787277415,0.00000000007718735109385635,1.4752975807539879,2.3207226665885856,0.0000000000000000000000000000000000000000000000000000000000000000000000000000000000000000000000000000000000000000000000000000000000000000000000000000000000000000000000000000000000000000000000000000000000000000000000000000000000000000000000000000005069856072796816
ENSMUSG00000047139,Cd24a,0.5331320105155377,0.7370759688003248,0.00000000000000000000000000000000000000000000000000009831801810643172,0.31461338069693734,-0.6397548143910026,0.000000000000000000000000000000000000000005605485008837504,0.3465315981124717,-0.2109146468736387,0.007849052145458805
ENSMUSG00000044811,Cd300c2,0.2397610377531843,0.8650431838839046,0.000000000000000000000000000000000000000000000001901539458695916,0.11973929767749922,-0.9341768630731928,0.000000000000000000000000000000000000000000000000000000000255316773866694,0.19224778468532666,0.20154026979470796,0.03350903191349664
ENSMUSG00000005087,Cd44,0.10708798825939804,0.7614293430576433,0.00000000000000000000000000000000000017924570787643312,0.044994260501599166,-1.3938559801518773,0.00000000000000000000000000000000000000000000000000000000000000000000000000000000000000000000000000000000000000000000000000003979542682209524,0.15582885876904778,1.1638509443014997,0.0000000000000000000000000000000000000005560172482901466
ENSMUSG00000040747,Cd53,0.41278990548265504,0.697706390621395,0.00000000000000000000000000000000000000000000000004919635675828546,0.21752278200147507,-0.9481924285852863,0.0000000000000000000000000000000000000000000000000000000000000000000000000000000000000000000000663556340958561,0.44298657159982846,0.5872155099285632,0.0000000000000000946761402189481
ENSMUSG00000018774,Cd68,0.35304746868276915,0.5010070572965744,0.000000000000000000011761975778228943,0.21094036853059628,-0.8276194201690621,0.000000000000000000000000000000000000000000000000000000017691583404883963,0.445855941520505,0.7385622022561547,0.000000000000000000013964562437895243
ENSMUSG00000027435,Cd93,0.0492578369641443,-2.921077903734481,0,0.041183389544774594,-3.638881440189168,0,2.067491388228995,5.540718129880357,0
ENSMUSG00000031841,Cdh13,0.7336582249840288,-0.6394007040776899,0.0000000000000000000000000000000000000000000000000000000000000000000000000000000000018505151108761993,1.2802794200859264,0.9414229832403349,0.00000000000000000000000000000000000000000000000000000000000000000000000000000000000000000000000000000000000000000000000000000000000000000000000000000000000000000000000000000000000000000000000000000021746953059237016,0.4423244093104416,-1.2653726873838447,0.000000000000000000000000000000000000000000000000000000000000000000000000000000000000000000000000000000000000000009354491803092878
ENSMUSG00000050840,Cdh20,0.9753974891213152,0.596946343398368,0.0000000000000000000000000000000000000000000000000000000000000000000000000000000000000000016583149580466664,0.6908069716280172,-0.2915314813515939,0.000000000000000000000005003816717304405,0.4107613401829999,-0.9677639222456933,0.000000000000000000000000000000000000000000000000000000000000000000000000000000063746413957184464
ENSMUSG00000000305,Cdh4,0.19010755551221956,-0.6288982959178147,0.0000000000000000000000000000000000000000000000000000000000008904389283219278,0.3191171372822755,0.7894251894753492,0.000000000000000000000000000000000000000000000000000000000000000000000000000000000000000000000000000000005388235676999352,0.16620273463610905,-0.6876748598742819,0.0000000000000000000000000025371277403421004
ENSMUSG00000039385,Cdh6,0.2554549670670616,-1.6546123436522275,0,0.9155184420253204,1.8639555821132185,0,0.23815770341615095,-1.4560850003108468,0.000000000000000000000000000000000000000000000000000000000000000000000000000000000000000000000000000000000000000000000000000000000000000000000000000000023553122358183422
ENSMUSG00000025370,Cdh9,0.42749472160448126,0.40149107707134024,0.0000000000000000000000000000002401841577167627,0.35588338094527616,-0.039726282931495716,0.2394980129919562,0.1593603909791112,-1.2682100627846724,0.00000000000000000000000000000000000000000000000000000000000000000000000000000000000005897556985349804
ENSMUSG00000021919,Chat,0.16742389297451454,3.430822128043887,0.000000000000000000000000000000000000000000000000000000000000000000000000000000000000000000000000000000000000000000000000000000000000000000000000000000000000000000000000000000000000000000000000000000000000000000000000000000000000000000000000000000000000000000000000000000000000000000000000000000000000000000043192239474193354,0.015503315937990857,-3.091484561685662,0.0000000000000000000000000000000000000000000000000000000000000000000000000000000000000000000000000000000000000000000000000000000000000000000000000000000000000000000000000000000000000000000000000000000000000000000000000000000000000000045553941851750517,0.0154504534190274,-2.273431853488885,0.00000000000000000000000000000000006125785429411671
ENSMUSG00000022860,Chodl,0.023013366935055367,1.0033713404318778,0.000000011390432824828682,0.01299160553462921,-0.5155070801349764,0.0030711791802298574,0.003752252973192369,-2.0967079999101426,0.000000040674211013246426
ENSMUSG00000045613,Chrm2,0.6373845409577226,0.746481164020043,0.00000000000000000000000000000000000000000000000000000000000000000000000000000000000000000000000000000000017902913186129535,0.3883623947818492,-0.5490682243161843,0.000000000000000000000000000000000000000000000000000000000000378559639986174,0.33681988453479733,-0.5315799452559982,0.000000000000000000009399958445879251
ENSMUSG00000041378,Cldn5,0.13781643809245192,-3.1140645085527856,0,0.1265382379072885,-3.6884733560306437,0,6.633100373551592,5.661425780532914,0
ENSMUSG00000021097,Clmn,4.239009436733623,1.9990903221938474,0,0.9147389456932427,-2.0076528849999735,0,1.8026264724742398,-0.30867042440409787,0.000000000005366748506700193
ENSMUSG00000030092,Cntn6,0.7842348795375745,-0.5077937016105887,0.00000000000000000000000000000000000000000000000007268704343864855,1.2245021269905851,0.7420673993705422,0.0000000000000000000000000000000000000000000000000000000000000000000000000000000000000000000000000000000000000000006644401390275194,0.5575406476637602,-0.9129579854246913,0.000000000000000000000000000000000000000000000000000000000284829454760385
ENSMUSG00000031772,Cntnap4,0.6543972878610014,0.057501382885229324,0.10411615371045657,0.7077393641748173,0.34807625342386167,0.0000000000000000000000009897224103026599,0.22668022373344487,-1.5977312841448614,0.0000000000000000000000000000000000000000000000000000000000000000000000000000000000000000000000000000000000000000000000000000000000000000000010430643840056152
ENSMUSG00000067028,Cntnap5b,0.3963706264946069,-0.05173219926537076,0.2730290693909187,0.4725046932944644,0.5290539797747276,0.000000000000000000000000000000032900771763666845,0.09667569425048574,-2.190957686227298,0.00000000000000000000000000000000000000000000000000000000000000000000000000000000000000000000000000000000000000000000000009423350131045712
ENSMUSG00000034903,Cobll1,0.8039512024991262,0.808655354482205,0.0000000000000000000000000000000000000000000000000000000000000000000000000000000000000000000000000000000000000000000000000000000000000000000000000010643894000592223,0.1461122569127965,-2.900666436259389,0,2.0535859801518703,2.3352500202499717,0
ENSMUSG00000026141,Col19a1,0.12904630112293225,-1.9021809264887362,0,0.555521052660745,2.153774574944671,0,0.1105811023276104,-1.802737737485364,0.000000000000000000000000000000000000000000000000000000000000000000000000000000000000000000000000000000000000000000000000000000000000000000011776922628010286
ENSMUSG00000001506,Col1a1,0.08025005031507847,-1.8830725347990236,0.000000000000000000000000000000000000000000000000000000000000000000000000000000000000000000000000000000000000000000000000000000000000000000000000000000000000000000000000000000000000000011459250063802315,0.030616883709942838,-3.847523383243796,0,1.6498877043889975,5.035071029838894,0
ENSMUSG00000001119,Col6a1,0.2105492281479421,-1.8983510945810234,0,0.7563279688743305,1.0065401434504628,0.00000000000000000000000000000000000000000000000000000000000000000000000000000000000000000000000000000000000000000000000000000000000000000000000000002580124911635747,0.9316623411673522,0.7868909681986191,0.0000000000000000000000000000000000000000007649162828602031
ENSMUSG00000028971,Cort,0.06297353989391942,-1.2944481907774885,0.000000000000000000000000000000000000000000000000000000000006947284709553854,0.17642600316026466,1.5931688385120242,0.00000000000000000000000000000000000000000000000000000000000000000000000000000000000000000000000000006272962100429726,0.04326126957327672,-1.5966279586731504,0.0000000000000000000000000000016524649182968425
ENSMUSG00000039714,Cplx3,0.23165030957836535,-0.8885360272264822,0.00000000000000000000000000000000000000000000000000022786884740511163,0.4697764561321922,1.0355932415631262,0.0000000000000000000000000000000000000000000000000000000000000000000000000000006203008344046628,0.22072076312896288,-0.7650798817767939,0.0000000000000004503735255968098
ENSMUSG00000032564,Cpne4,3.1381923948602295,1.4665147136237993,0,1.2236793253067253,-1.0728453460240666,0.00000000000000000000000000000000000000000000000000000000000000000000000000000000000000000000000000000000000000000000000000000000000000000000000000000000000000000000000000000000000000000000000000000000000000000000000000000000000000000000000000000000000000000000000000000000000000000000000000000006021850921070464,0.6862208525679455,-1.5304807679453591,0.00000000000000000000000000000000000000000000000000000000000000000000000000000000000000000000000000000000000000000000000000000000000000000000000000000000000000000000000000000010993146195663832
ENSMUSG00000022212,Cpne6,2.1503320795190706,1.3681408816082465,0,0.9149987778039352,-0.9364176943430098,0.0000000000000000000000000000000000000000000000000000000000000000000000000000000000000000000000000000000000000000000000000000000000000000000000000000000000000000000000000000000000000000000000000000000000000000000000000000003887899219427665,0.4149550346824502,-1.7587616608139707,0.0000000000000000000000000000000000000000000000000000000000000000000000000000000000000000000000000000000000000000000000000000000000000000000000000000000000000000000000000000000000000000000000000000000000000000000000000023453175598101762
ENSMUSG00000052560,Cpne8,0.4659382543355336,-0.7476195890788291,0.00000000000000000000000000000000000000000000000000000000000000000000000000000000000000000000000000000000000000000000000000000000019953807027764116,0.8185577593852044,0.7218085211658236,0.00000000000000000000000000000000000000000000000000000000000000000000000000000000000000000000000000000000000000000000000000000000000000008517887170568533,0.5979325473163604,-0.18276279732190526,0.00012891907898606854
ENSMUSG00000049796,Crh,0.040289877356214414,-1.977574197846164,0.00000000000000000000000000000000000000000000000000000000000000000000000000000000000000000000000000007311165170850442,0.1827052791686688,2.202511982235729,0.00000000000000000000000000000000000000000000000000000000000000000000000000000000000000000000000000000000000000000000000000000000000000000000000033200444944279616,0.03752252973192369,-1.7425907159828165,0.0000000000000000000000000001095943336426735
ENSMUSG00000032911,Cspg4,0.37493984066683334,0.976551499100895,0.000000000000000000000000000000000000000000000000000000000000000000000000000011129992140588665,0.10735396706781937,-2.0016826729357025,0.0000000000000000000000000000000000000000000000000000000000000000000000000000000000000000000000000000000000000000000000000000000000000000000000000000000000000000000000000000000000000000000000000000000000000000000000000000000000000000000000000000000000000000000000000000000000000000000000000000000000000000000000000000013015,0.6144866045510327,1.525710666565606,0.00000000000000000000000000000000000000000000000000000000000000000000000000000000000000000000000015075653814183356
ENSMUSG00000042589,Cux2,0.8577589601467055,-1.2589735842358363,0,2.239492962059383,1.2930152386230975,0,1.1018380495397826,-0.6186367618715787,0.0000000000000000000000000000000000004616965999360637
ENSMUSG00000029154,Cwh43,0.1963059981824064,-0.0869323200132257,0.035640530176103975,0.23138049457174623,0.4250179292904921,0.000000000000000000000000005455071842167157,0.09204055822477751,-1.2375191648105806,0.000000000000000000000000000000000000000000000000000000000036058736049620716
ENSMUSG00000024087,Cyp1b1,0.07002921399721719,-1.385952604166663,0.0000000000000000000000000000000000000000000000000000000000000000000000000000000000000000000000008729784952851834,0.01740875141640314,-4.056653907189251,0,1.02789659389158,4.746472881464618,0
ENSMUSG00000019929,Dcn,0.14988361903547523,-1.8594976660275746,0.00000000000000000000000000000000000000000000000000000000000000000000000000000000000000000000000000000000000000000000000000000000000000000000000000000000000000000000000000000000000000000000000000000000000000025306485328036956,0.02715245556737505,-4.960355411968228,0,3.178820430583323,5.389410047745115,0
ENSMUSG00000022419,Deptor,0.15957692831757592,-0.2041822337766872,0.0000011629000254139413,0.1823155310026299,0.12658478749502455,0.0016377377672663804,0.19180634315906872,0.14752375764621561,0.02215110948345822
ENSMUSG00000030772,Dkk3,2.853855322585276,-0.8975473259211968,0.00000000000000000000000000000000000000000000000000000000000000000000000000000000000000000000000000000000000000000000000000000000000000000000000000000000000000000000000000000000000000000000000000000000000000000000000000000000000000000012646686435825727,5.905507517172835,1.1133770831959566,0,2.313595039117789,-1.0213944500564556,0.000000000000000000000000000000000000000000000000000000000000000000000000000000000000000000000000000000000000000010252441322770944
ENSMUSG00000036766,Dner,4.878635967593328,0.4712204372208608,0.0000000000000000000000000000000000000000000000000000000000000000000000000006059311181931007,3.762455573532183,-0.18613745585976704,0.00000000000006771958353606677,2.2789418793065415,-0.8838610575829073,0.0000000000000000000000000000000000000000000000000000000000000000000000000000000000000000005533746575170209
ENSMUSG00000043067,Dpy19l1,2.5712986540560143,-0.6940750030168898,0.0000000000000000000000000000000000000000000000000000000000000000000000000000000000000000000000000000000000000000000000000000000000000000000000000000007840088064068066,4.637093763475204,0.9639092624920971,0.00000000000000000000000000000000000000000000000000000000000000000000000000000000000000000000000000000000000000000000000000000000000000000000000000000000000000000000000000000000000000000000000000000000000000000000000000000000000000000000000000000000000000000000000000000000000000000000000000000000000000000000000000000007171,1.7278021337735214,-1.144064652551807,0.00000000000000000000000000000000000000000000000000000000000000000000000000000000000000000000000000000000000000000000000000000000000000000000000016033608189642293
ENSMUSG00000033308,Dpyd,0.48928132566793936,2.148320640575445,0,0.08574459652855279,-2.3288562388495024,0,0.23572977502173234,-0.05888946720119348,0.3313703381843132
ENSMUSG00000010476,Ebf3,0.1385417877666227,2.2551317113911624,0.00000000000000000000000000000000000000000000000000000000000000000000000000000000000000000000000000000000000000000000000000000000000000000000000000000000000000000000000000000000000000000017325738270221004,0.02152275983570239,-2.5019094991594613,0.000000000000000000000000000000000000000000000000000000000000000000000000000000000000000000000000000000000000000000000000000000000000000000000000000000000000000000000000000000000000000000000000000000000008593063665948764,0.06709911199120472,-0.013412579458589313,0.9304017610328266
ENSMUSG00000054690,Emcn,0.06198442670186833,-2.2811798659275606,0,0.048458688644166956,-3.0931458232723132,0,1.5916174229229512,4.885417965925123,0
ENSMUSG00000026235,Epha4,5.054170588742662,0.16363082327702427,0.00000000022426118029129064,5.097343042215335,0.26454399302671616,0.000000000000000000000000026762371217631685,1.5293741677205837,-1.732032153948758,0.00000000000000000000000000000000000000000000000000000000000000000000000000000000000000000000000000000000000000000000000000000000000000000000000000000000000000000000000000000000000000000000000000000000000000000000000000000000000000000000000000000000000000000000000000000000000000000000000000000000053332764818744435
ENSMUSG00000010461,Eya4,0.1837112902036225,0.15440601612995897,0.00398328265497232,0.16594610802899712,-0.10454119521084548,0.043400863295979086,0.16068471555788497,-0.10495964457818596,0.23864281805672108
ENSMUSG00000021743,Fezf2,0.3548938133079312,-1.4716567526383366,0,1.114593144167622,1.6832411975332953,0,0.32070726882638306,-1.3421263377409132,0.0000000000000000000000000000000000000000000000000000000000000000000000000000000000000000000000000000000000000000000000012155673086248538
ENSMUSG00000034037,Fgd5,0.07042485927403763,-2.0298312831166925,0.000000000000000000000000000000000000000000000000000000000000000000000000000000000000000000000000000000000000000000000000000000000000000000000000000000000000000000000000000000000000000000000000000000000000000000000000000000000000000000000000000000000000000000000000000000000000000000000000000000000000000000000000000002257297,0.05304905593306927,-2.8978954565297212,0,1.4843471320422752,4.62954629407412,0
ENSMUSG00000034295,Fhod3,0.8016432717176737,-1.632772873425976,0,2.8578933855077335,1.9238612943824158,0,0.5908694828962336,-1.789392021592554,0.00000000000000000000000000000000000000000000000000000000000000000000000000000000000000000000000000000000000000000000000000000000000000000000000000000000000000000000000000000000000000000000000000000000000000000000000000000000000000000000000000000000000000000000000000000000000000000000000000000020018267157816064
ENSMUSG00000026841,Fibcd1,0.36491682698738226,2.5196914304094156,0,0.06054088179137212,-2.3043416020107124,0,0.07923875396329767,-1.1897480422957494,0.00000000000000000000000000000000000000014383175599082712
ENSMUSG00000075324,Fign,0.24417907667767916,2.7058910968292063,0,0.028191784010145386,-2.8772358385536156,0,0.08431533151526381,-0.4295935149979071,0.0000008212786389461564
ENSMUSG00000041559,Fmod,0.06501770715749167,-2.25766813262526,0.0000000000000000000000000000000000000000000000000000000000000000000000000000000000000000000000000000000000000000000000000000000000000000000000000000000000000000000000230389198361283,0.01563323199333715,-4.9005085673801885,0,1.8176354843670093,5.6887862400137585,0
ENSMUSG00000026193,Fn1,0.2518941595756777,-2.3658732700399545,0,0.2204242405708756,-2.9944083471129153,0,6.794447251398864,4.866184364374442,0
ENSMUSG00000021250,Fos,0.06706187442106393,-1.2909579143911443,0.0000000000000000000000000000000000000000000000000000000000000000000000000000000000000000000000000000000000000000000000000000000000000006604104848362612,0.17958729384035776,1.3303030615252274,0.000000000000000000000000000000000000000000000000000000000000000000000000000000000000000000000000000000000000000000000000000000000000000000000000000000000000000000004835859190332565,0.08586037685716656,-0.6495594134394485,0.0000000000000008490777525000325
ENSMUSG00000029563,Foxp2,0.48136842013153064,0.20556642696636773,0.00000001286122431746155,0.4375139690545297,-0.018452252151188064,0.6033987318208617,0.315189249748159,-0.5286781938813503,0.0000000000000000005618835420069766
ENSMUSG00000070880,Gad1,1.912285504632108,-0.5756027161081921,0.0000000000000000000000000000000000000000000000000000000000000000013950592628974155,3.216115255449243,0.9210089538360936,0.0000000000000000000000000000000000000000000000000000000000000000000000000000000000000000000000000000000000000000000000000000000000000000000000000000000000000000000000000000000000000006374538839928844,0.9830902789764007,-1.45714715172237,0.000000000000000000000000000000000000000000000000000000000000000000000000000000000000000000000000000000000000000000000000000000000000000000064038542165833955
ENSMUSG00000026787,Gad2,0.9695946917279488,-0.493482404929934,0.00000000000000000000000000000000000005125666396817681,1.5446152873638488,0.8616222133505481,0.000000000000000000000000000000000000000000000000000000000000000000000000000000000000000000000000000000000000000000000000010573110111155311,0.44982891525682633,-1.5490540672580058,0.0000000000000000000000000000000000000000000000000000000000000000000000000000000000000000000000000000000000000000000005809606063572042
ENSMUSG00000036390,Gadd45a,0.3100540152682818,-1.1623044238770763,0.00000000000000000000000000000000000000000000000000000000000000000000000000000000000000000000000000000000000000000000000000000000000000000000000000000000000000000000000000000000000000000000000000000000000000000005969981359759032,0.7646859017682753,1.2768547349527088,0.0000000000000000000000000000000000000000000000000000000000000000000000000000000000000000000000000000000000000000000000000000000000000000000000000000000000000000000000000000000000000000000000000000000000000000000000000000000000000000000000000000000000000000000000000000000000000000000000000767263516218024,0.33395051461412084,-0.8068846909838385,0.000000000000000000000000000000000000000013335669131649084
ENSMUSG00000024064,Galnt14,0.4305280020601046,-0.11415022615184411,0.000816655141561558,0.5316598038288094,0.5556231516240422,0.00000000000000000000000000000000000000000000000000000000000000011334112865014076,0.13132885406173292,-1.9021506881313532,0.0000000000000000000000000000000000000000000000000000000000000000000000000000000000000000000000000000000000000000000000000000000000000000000000000000000000000000000000000000000018226465889793919
ENSMUSG00000038860,Garnl3,1.0998938695608125,-1.7315195146023814,0,4.126566971316058,1.866841236421386,0,1.236698435811579,-1.242861456389189,0.000000000000000000000000000000000000000000000000000000000000000000000000000000000000000000000000000000000000000000000000000000000000000000000000000000000003477153277693222
ENSMUSG00000020932,Gfap,3.400109568115358,1.7324417124883469,0,0.3765400337453366,-3.261565386567341,0,4.319063892907545,1.4550562093569135,0.0000000000000000000000000000000000000000000000000000000000000000000000000000000000000000000000000000000000000000000000000000000000000000000000000000000000000000000000000000000000000000000000000000000000000000000000000000000000000000000013580752215138118
ENSMUSG00000022103,Gfra2,0.6990392632622405,-1.5817148230246252,0,2.3081319446340074,1.5898098796980364,0,0.9934641548434618,-0.749537639914722,0.000000000000000000000000000000000000000000000000000000000009924914169014975
ENSMUSG00000046352,Gjb2,0.07939281888196752,-1.0719416736817542,0.0000000000000000000000000000000000000000000000000000000000023260497088567582,0.016672560436107486,-4.04456679845471,0,0.933207386509255,4.4889527014204464,0
ENSMUSG00000056966,Gjc3,3.8760708361303426,2.5244946280707645,0,0.6657331729461828,-2.2416384063406563,0,0.713810947959066,-1.4410434477073617,0.00000000000000000000000000000000000000000000000000000000000000000000000000000000000000000000000000000000000000000000000000000010312633508893013
ENSMUSG00000021318,Gli3,0.49844710791427943,0.8900672075663809,0.0000000000000000000000000000000000000000000000000000000000000000000000000000000000000000000000000000000000000000000000000000000000000000000000000000007443840217320712,0.24926560485775243,-0.9109727784440784,0.00000000000000000000000000000000000000000000000000000000000000000000000000000000000000000000000000000000000000000000000000000000000000000000000000000000000000000006453427516879207,0.3692658367147549,0.08587356397344315,0.11776012146219873
ENSMUSG00000109372,Gm19410,0.045762970352230446,-1.8317192467406533,0.000000000000000000000000000000000000000000000000000000000000000000000000000000000000000000000000000012789198922393856,0.18313833268648977,1.8936239585366534,0.0000000000000000000000000000000000000000000000000000000000000000000000000000000000000000000000000000000000000000000000000000000000024036109494564487,0.06091893062359375,-1.074209973871906,0.000000000000001557799705633213
ENSMUSG00000097789,Gm2115,1.007972283579531,2.2414989199103887,0,0.1825320577615404,-2.2375948347908245,0,0.3690451159516259,-0.46544982805714163,0.0000000000048449235883040385
ENSMUSG00000036402,Gng12,2.2909180345492652,0.5355525222822195,0.00000000000000000000000000000000000000000000000000000000000000000000000000000000000000000033802676336183337,1.5514142275936382,-0.4784561730428176,0.000000000000000000000000000000000000000000000000000000000000000000000000000028776493270415214,1.7284642960629082,-0.09389854587211521,0.02901593910752839
ENSMUSG00000052229,Gpr17,0.7721017577150812,1.857915108017652,0.0000000000000000000000000000000000000000000000000000000000000000000000000000000000000000000000000000000000000000000000000000000000000000000000000000000000000000000000000000000000000000000000000000000000000000000000000000000000000000000000000000000000000000000000000004094917571080133,0.2170897284836541,-1.5565885249841784,0.0000000000000000000000000000000000000000000000000000000000000000000000000000000000000000000000000000000000000000000000000000000000000000000000000000000000000000000000000000000000000000000010527547837595604,0.1920270639221977,-1.1853542453517092,0.000000000000000000000000000000003873100381502167
ENSMUSG00000001985,Grik3,0.3925460554853427,-1.2752331883964791,0.0000000000000000000000000000000000000000000000000000000000000000000000000000000000000000000000000000000000000000000000000000000000000000000000000000000000000000000000000000000000000000000000000000000000000000000000000000000012734654617643741,1.0764411292475942,1.5295817582350892,0,0.3068018607492584,-1.391588275606202,0.0000000000000000000000000000000000000000000000000000000000000000000000000000000000000000000000001342184379585132
ENSMUSG00000046182,Gsg1l,0.16425873075995107,-2.0924362198152853,0,0.797468053067323,2.193927472123508,0,0.20769823810435406,-1.3944522840749745,0.00000000000000000000000000000000000000000000000000000000000000000000000000000000000000000000000000000000000000000000000000000008683144327422401
ENSMUSG00000033910,Gucy1a1,1.0134453765755471,-0.45229704364558804,0.000000000000000000000000000000000000000002731165692752957,1.489530879897021,0.6059865327708824,0.0000000000000000000000000000000000000000000000000000000000000000000000000000000004740727301229504,0.862135300781729,-0.5933643661891782,0.0000000000000000000000000002132638974667886
ENSMUSG00000021613,Hapln1,0.634087496984219,0.558831961104876,0.000000000000000000000000000000000000000000000000000000012059406766886363,0.43612819779750256,-0.4127228409635477,0.0000000000000000000000000000000023288524292232356,0.4014910681315835,-0.35764330080873863,0.0000000006255336036624918
ENSMUSG00000027018,Hat1,0.6816968119616115,0.1886641835602466,0.00000000009682258437808862,0.6176642324680547,-0.05030661231180866,0.0745462016946388,0.4986082039083271,-0.3667180187600785,0.000000000000008399484350706145
ENSMUSG00000071379,Hpcal1,0.6465503232040627,0.02580213349599625,0.38006513396596786,0.6065347570600557,-0.1594255838459283,0.000000010137996159313515,0.7806893391871417,0.32698006022570875,0.00000000000009301829323338714
ENSMUSG00000046321,Hs3st2,0.07998628679719817,-3.1343625030115474,0,0.7915352198731757,2.729350198033978,0,0.25095950767763076,-1.0206467583223708,0.00000000000000000000000000000000000016956550549120978
ENSMUSG00000050783,Htr1f,0.22558374866711867,-1.2552257539655047,0.00000000000000000000000000000000000000000000000000000000000000000000000000000000000000000000000000000000000000000000000000000000000000000000000000000000000000000000000000000000000000000000000000000000000000000000000000000000000000000000000000000008352805246279385,0.6287504025242716,1.712092809723212,0,0.0790180332001687,-2.565469744962768,0.0000000000000000000000000000000000000000000000000000000000000000000000000000000000000000000000000000000000000000000000000000000000000000000000000000000000000000000000000000000000000000000000000000000000000000000000000000000000000000000000000000000000013633259882507052
ENSMUSG00000020644,Id2,3.1939124380124406,-0.4453478585360531,0.00000000000000000000000000000000000000000000000000000000000000001348585865497607,4.578501622514026,0.5211441789633378,0.000000000000000000000000000000000000000000000000000000000000000000000000000000000000000000000000018201972388535745,3.1785997098201944,-0.34245256801159707,0.00000000000000010177961856524579
ENSMUSG00000020053,Igf1,0.1643906125188912,-0.04177028081808176,0.4511525694547642,0.16893417730196184,0.02631529041187708,0.6219391156280255,0.17083787066181727,0.03298676295596348,0.6945789718092685
ENSMUSG00000048583,Igf2,0.6145030557816074,-0.29063934896628135,0.00000000156138653309652,0.04014406110200426,-5.2030146940092195,0,4.378217057426108,4.030655170623021,0
ENSMUSG00000017493,Igfbp4,0.9154572296830191,-1.0519260916911668,0.000000000000000000000000000000000000000000000000000000000000000000000000000000000000000000000000000000000000000000000000000000000000000000000000000000000000000000000000000000000000000000000000000000000000000000000000000000000000000000000000007718367692422819,1.9782317747579898,0.9172516323087881,0.000000000000000000000000000000000000000000000000000000000000000000000000000000000000000000000000000000000000000000000000000000000000000000000000000000000000000000000000000000000000000000000000000000000000000000040488326180133284,1.4894237095942415,-0.06405629617632691,0.18864393196337415
ENSMUSG00000026185,Igfbp5,2.439482835995339,0.7895673593576202,0.00000000000000000000000000000000000000000000000000000000000000000000000000000000000000000000000000000000000000000000000000000000000000000000000000000000000000000000000007039453756994624,1.1186638472351391,-1.1864099357817985,0,2.9024780351458617,0.8214277569698958,0.00000000000000000000000000000000000000000000000000000000000000000000000000000000000015064458445897484
ENSMUSG00000023046,Igfbp6,0.09357010796803314,-3.749791060878742,0,1.3420761570789794,2.34000729120386,0,0.8389596206531879,-0.01399019019243658,0.8214430827216561
ENSMUSG00000040972,Igsf21,0.4789286075911379,-0.6616240887925828,0.00000000000000000000000000000000000000000000000000000000000000000000000000000000000000000000000000001860791216632464,0.8298171508485497,0.8560350382289328,0.0000000000000000000000000000000000000000000000000000000000000000000000000000000000000000000000000000000000000000000000000000000000000000000000000000000000000000000000000000000000000000005867513772314313,0.38979286768574845,-0.824921214848243,0.000000000000000000000000000000000000000000000000000000000009124539411508418
ENSMUSG00000018654,Ikzf1,0.2146375626750866,0.8936832319278061,0.0000000000000000000000000017229666143771278,0.10549183694118919,-0.9483462191426346,0.00000000000000000000000000000007825957714998921,0.16664417616236696,0.1651853842579527,0.19463198558633488
ENSMUSG00000037940,Inpp4b,0.6609254349285386,1.1812616096717126,0.0000000000000000000000000000000000000000000000000000000000000000000000000000000000000000000000000000000000000000000000000000000000000000000000000000000000000000000000000000000000000000000000000000000000000000000000000000000000000000036907102520666003,0.19292534218924376,-1.841290140976077,0,0.7934911434486215,1.0681658671832093,0.00000000000000000000000000000000000000000000000000000000000000000000000000000000000000000004204934242733681
ENSMUSG00000034402,Kcnh5,1.0125881451424361,-1.3090614757278614,0,2.825111234208686,1.5182331832683018,0,0.89811278517175,-1.2299088319349596,0.00000000000000000000000000000000000000000000000000000000000000000000000000000000000000000000000000000000000000000000000000000012823844661555355
ENSMUSG00000037610,Kcnmb2,0.36643346721519393,0.3006461455377061,0.000000000000000016098471249949997,0.3134441361988207,-0.08254946488182457,0.016213857217451024,0.2163063478663836,-0.6276330443330722,0.000000000000000000000000010745111122443465
ENSMUSG00000098557,Kctd12,1.7886463556257217,0.9239900588710429,0.000000000000000000000000000000000000000000000000000000000000000000000000000000000000000000000000000000000000000000000000000000000000000000000000000000000000000000000000000000000000000000000000000000000000000000000000000000000000000000000000003430260345738495,0.801928504300879,-1.1332147451500958,0,1.6600408594929297,0.47642589068494845,0.000000000000000000000000000023798018825406895
ENSMUSG00000037653,Kctd8,0.28479865843124397,1.0440133249292236,0.00000000000000000000000000000000000000000000000000000000000000000000000000000000000000000000000000000000000000000000000000028471077672502772,0.15195847940337967,-0.6277847394957332,0.000000000000000000000000000000000000000000000010290704606018603,0.06754055351746263,-1.5948545762378554,0.0000000000000000000000000000000000000000000000000000000000000000000032521396599172776
ENSMUSG00000062960,Kdr,0.16188485909902844,-1.846649009490672,0,0.10111799641119736,-3.024173412520037,0,3.0355726553126265,4.599115438686091,0
ENSMUSG00000027270,Lamp5,0.249454347035285,-3.458447238560068,0,3.1343980566364253,3.106860654997699,0,0.7464776209021524,-1.4150523175674932,0.00000000000000000000000000000000000000000000000000000000000000000000000000000000000000000000000000000000000000000000000000000000000000000000000004647928770059829
ENSMUSG00000028581,Laptm5,1.016940243187461,0.6868168918062828,0.000000000000000000000000000000000000000000000000000000000000002022392377488793,0.5376792477265209,-0.9497684403601792,0.00000000000000000000000000000000000000000000000000000000000000000000000000000000000000000000000000000000000000000000000000005892675411929223,1.111108321591199,0.6106192005946941,0.000000000000000000000023430819782286282
ENSMUSG00000075602,Ly6a,0.3490910159145648,-2.0775311293101204,0,0.27607161761087073,-2.8652143131107373,0,7.577564518980425,4.634412249012991,0
ENSMUSG00000050447,Lypd6,0.4304620611806345,-0.6961548214516164,0.0000000000000000000000000000000000000000000000000000000000000000000000000023610975310992783,0.7182192593060848,0.6192024319662133,0.00000000000000000000000000000000000000000000000000000000000000000025398360428163504,0.5917523659487495,-0.029722898503025785,0.6258324707603923
ENSMUSG00000069516,Lyz2,0.713018729709896,0.12658417167074454,0.002972516343679722,0.44154136677026473,-1.1012174056092332,0.00000000000000000000000000000000000000000000000000000000000000000000000000000000000000000000000000000000000000000000000000000000000000000000000000000000000000503592531381514,1.7315543867467138,1.65661598508005,0.0000000000000000000000000000000000000000000000000000000000000000000000000000000000000000000000000000000000000000000000000000000000000000000000000000000000000000000000000000000000000003660830243682252
ENSMUSG00000024558,Mapk4,1.5600952673824497,-0.1289687462764979,0.0000018406975110125265,1.7335565371891397,0.1509829493406033,0.000000005030702876317327,1.5653516521106046,-0.08895876434771288,0.03797582852416401
ENSMUSG00000043557,Mdga1,1.0898708558813615,1.605708483656623,0.00000000000000000000000000000000000000000000000000000000000000000000000000000000000000000000000000000000000000000000000000000000000000000000000000000000000000000000000000000000000000000000000000000000000000000000000000000000000000000000003208070862950849,0.36133985526982043,-1.3445820114725084,0.000000000000000000000000000000000000000000000000000000000000000000000000000000000000000000000000000000000000000000000000000000000000000000000000000000000000000000000000018904448690159853,0.3414550205605056,-0.928440242253397,0.0000000000000000000000000008607119904422314
ENSMUSG00000027684,Mecom,0.0878991923336069,-1.303439122397294,0.000000000000000000000000000000000000000000000000000000000000000000000000000000000000000000000000000000000000000000000000000000000000000000000000000000000000000000027601576645404612,0.03767565605042471,-3.1202800450338892,0,1.1314146317990637,4.295653580389501,0
ENSMUSG00000027210,Meis2,1.2791871208399401,-0.8316849186124482,0.0000000000000000000000000000000000000000000000000000000000000000000000000000000000000000000000000000000000000000000000000000000000000000000000000000000000000000000000000000000003638209355566597,2.495167758980886,0.9943548834152863,0.00000000000000000000000000000000000000000000000000000000000000000000000000000000000000000000000000000000000000000000000000000000000000000000000000000000000000000000000000000000000000000000000000000000000000000000000000000000000000000000000000000000000000000000000000000000000000000007593877184360949,1.1629777009265054,-0.791657886242146,0.000000000000000000000000000000000000000000000000000000000000007180989954362956
ENSMUSG00000061086,Myl4,0.1113082045454827,-2.914156189560117,0,0.9561388619969278,2.750781800449312,0,0.24477932631001983,-1.3427260220345836,0.00000000000000000000000000000000000000000000000000000000000000000000000000000020885866923023995
ENSMUSG00000039057,Myo16,0.21694549345653916,-1.7240050342584452,0,0.8080345589021548,1.8441032145223906,0,0.2520631114932756,-1.1856607245322421,0.00000000000000000000000000000000000000000000000000000000000000000000000000000000000000005640134715975344
ENSMUSG00000027977,Ndst3,0.4224832147647557,-1.4621884471429134,0,1.3117624108315113,1.6427894670853742,0,0.4118649439986447,-1.2192840128012206,0.00000000000000000000000000000000000000000000000000000000000000000000000000000000000000000000000000000000000000000000000007327019634790651
ENSMUSG00000027971,Ndst4,0.21509914883137712,3.716847493560581,0,0.013511269756014379,-3.6716390827822325,0,0.030680186074925838,-1.5967816030447852,0.0000000000000000000000000000000000000010131213227912575
ENSMUSG00000040536,Necab1,1.0963990029488986,-0.5501786749742037,0.0000000000000000000000000000000000000000000000000000000000000003221759014691392,1.784873379050925,0.831312079598441,0.000000000000000000000000000000000000000000000000000000000000000000000000000000000000000000000000000000000000000000000000000000000000000000000000000000000000011421240960329331,0.6908559885936538,-1.1298090001279735,0.00000000000000000000000000000000000000000000000000000000000000000000000000000000000000000000028788500457523193
ENSMUSG00000031837,Necab2,1.9771713300306595,2.7345330973445154,0,0.25710387353031205,-2.6708748640983337,0,0.5005946907764878,-0.9070762553882582,0.0000000000000000000000000000000000000000000001102875299619675
ENSMUSG00000055409,Nell1,1.120203660437595,-0.03342719310808928,0.31840271670989745,1.3021053173841035,0.4643372229795035,0.000000000000000000000000000000000000000000000002765141458018444,0.3531532210063406,-1.7997012285908418,0.00000000000000000000000000000000000000000000000000000000000000000000000000000000000000000000000000000000000000000000000000000000000000000000000000000000000000000000000000000000000000000000000000002347552649758317
ENSMUSG00000036902,Neto2,0.7271300779164915,-0.8494564780957252,0.00000000000000000000000000000000000000000000000000000000000000000000000000000000000000000000000000000000000000000000000000000000000000000000000000000000000000000000000000000000000008582058800353153,1.4862396731615817,1.1823418602537044,0,0.41296854781428954,-1.5207236778343507,0.0000000000000000000000000000000000000000000000000000000000000000000000000000000000000000000000000000000000000000000000000000000000000000000000000000000000000000000000000000000000000000000000000002112927448209494
ENSMUSG00000037984,Neurod6,3.1373351634271183,0.22950096530722375,0.000000000000008990094703121149,3.066711791801007,0.25327410280885587,0.0000000000000000010379383361717865,0.683792924173527,-2.1779986833459857,0
ENSMUSG00000034738,Nostrin,0.05123606334824648,-2.34731409778263,0,0.055127712818609946,-2.6275126261099704,0,1.3104191706966526,4.611312508070165,0
ENSMUSG00000040998,Npnt,0.24668483009754194,-0.45827219198732405,0.0000000000000000000000000000000002347761424151271,0.3645877566534777,0.6159727750391566,0.0000000000000000000000000000000000000000000000000000000000000000009008109097201307,0.20836040039374096,-0.6081408204653012,0.000000000000000000000012654404968850047
ENSMUSG00000028004,Npy2r,0.27846833400211696,3.854154867741168,0,0.019314186894815424,-3.498496865978531,0,0.018761264865961844,-2.6852791733315637,0.0000000000000000000000000000000000000000000000000000000000000000000000000000000000000000007404160380834805
ENSMUSG00000030551,Nr2f2,0.6175363362372307,-0.10137435511647674,0.006348045614924681,0.28035884743729833,-1.94005815495981,0,2.610243744763115,2.656174741695853,0
ENSMUSG00000042834,Nrep,1.3087945757220028,-0.8194243014675681,0.0000000000000000000000000000000000000000000000000000000000000000000000000000000000000000000000000000000000000000000000000000000000000000000000000000000000000000000000000000000000000000000007352559178227225,2.4461027954117696,0.8268131248026611,0.00000000000000000000000000000000000000000000000000000000000000000000000000000000000000000000000000000000000000000000000000000000000000000000000000000000000000000000000000000000000000000000000000000000000000000000000010393227491548786,1.6141309407621054,-0.3059303540348117,0.0000000000017406515777079177
ENSMUSG00000039114,Nrn1,6.210905496406676,-0.09180593781786506,0.0002591834515120936,7.44609540682095,0.48105093391987985,0.00000000000000000000000000000000000000000000000000000000000000000000000000000000000000010440259443120016,2.402324785895632,-1.5340766147129044,0.000000000000000000000000000000000000000000000000000000000000000000000000000000000000000000000000000000000000000000000000000000000000000000000000000000000000000000000000000000000000000000000000000000000000000000000000000000000000000000000000000000000000000000009117640488814896
ENSMUSG00000025969,Nrp2,1.2621743739366613,2.3535180976010692,0,0.1677649328038452,-2.7405503958962587,0,0.6504640889410536,0.1128342099191455,0.03350903191349664
ENSMUSG00000019890,Nts,0.07517260259588286,-0.06168807749968774,0.5087309225947304,0.08154397740568935,0.17233447911742905,0.051601028019723584,0.06290541749175442,-0.3247081808793202,0.03797582852416401
ENSMUSG00000020591,Ntsr2,2.944589972736096,0.8824317234981657,0.00000000000000000000000000000000000000000000000000000000000000000000000000000000000000000000000000000000000000000000000000000000000000000000000000000000000000000000000000000000000000000000000000000000000006076218070378126,1.4394265878851344,-0.9700193696433973,0.000000000000000000000000000000000000000000000000000000000000000000000000000000000000000000000000000000000000000000000000000000000000000000000000000000000000000000000000000000000000000000000000000000000000000000000000000000000000000000000000000000000000000011981294033662429,2.401662623606245,0.23807591392689997,0.00000012098067139719886
ENSMUSG00000090061,Nwd2,2.4698815814310424,1.2393088912095738,0.00000000000000000000000000000000000000000000000000000000000000000000000000000000000000000000000000000000000000000000000000000000000000000000000000000000000000000000000000000000000000000000000000000000000000000000000000000000000000000000000000025942631441795124,1.1824959357619507,-0.7454683353629837,0.000000000000000000000000000000000000000000000000000000000000000000000000000000000000000000022977659450540294,0.35116673413817995,-2.268594669226782,0.00000000000000000000000000000000000000000000000000000000000000000000000000000000000000000000000000000000000000000000000000000000000000000000000000000000000000000000000000000000000000000000000000000000000000000000000797708908885316
ENSMUSG00000046719,Nxph3,0.27728139817165565,-1.7005818032271218,0.000000000000000000000000000000000000000000000000000000000000000000000000000000000000000000000000000000000000000000000000000000000000000000000000000000000000000000000000000000000000000000000000000000000000000000000000000000000000000000000000000000000000000000000000000000000000000000001858046491751796,1.0186717899702764,1.8457888620443987,0,0.3037117700654529,-1.254132217783337,0.00000000000000000000000000000000000000000000000000000000000038559093222134886
ENSMUSG00000050121,Opalin,2.1212521516727683,3.2867632378033167,0,0.21548743046771648,-2.9671950835960823,0,0.22668022373344487,-2.0976317889070777,0.000000000000000000000000000000000000000000000000000000000000000000000000000000000000000000000000000000000000000000000000000000000000000000000000000000000000006468223656470196
ENSMUSG00000026525,Opn3,0.1919539001373816,-0.19867782639521447,0.000004658192889947675,0.2400415649281657,0.4527510428101267,0.0000000000000000000000000009419962922974593,0.11985137437902683,-0.8804632914836437,0.00000000000000000000000000000000044010179474403475
ENSMUSG00000039747,Orai2,0.7090622769416917,1.048480229803625,0.00000000000000000000000000000000000000000000000000000000000000000000000000000000000000000000000000000000000000000000000000000000000000000000000000000000000000000000000000000000000000000000000000000000000000000000000000000000000000000000000000000007182625156143736,0.3263058256781037,-0.9810843101426612,0.00000000000000000000000000000000000000000000000000000000000000000000000000000000000000000000000000000000000000000000000000000000000000000000000000000000000000000000000000000000000000000000000000000000000000000000000000000003624810280294038,0.4268739558914142,-0.16290781598671855,0.0014513690043268792
ENSMUSG00000032278,Paqr5,0.07385378500648142,-1.3478495969785715,0.000000000000000000000000000000000000000000000000000000000000000000000000000000000000000000000000000000000000000000000000000000000000000000000000000000009103864590517698,0.024857271922923887,-3.5496612046057576,0,1.0201713671820665,4.525206995775599,0
ENSMUSG00000034981,Parm1,0.9206006182816848,-0.2109348134459303,0.000000000004539119401125315,1.1308759564376907,0.3662014952766601,0.0000000000000000000000000000000000028183256179135762,0.7325722128250277,-0.5158204665587284,0.00000000000000000000000014271166506978934
ENSMUSG00000024713,Pcsk5,0.18113959590428969,-0.18804285123594822,0.000004526636595872871,0.22302256167780143,0.41333325810689336,0.00000000000000000000000005033365750740454,0.12161714048405854,-0.7610842891188172,0.0000000000000000000000000046531396898884624
ENSMUSG00000075270,Pde11a,0.17784255193078605,1.4805386230009638,0.0000000000000000000000000000000000000000000000000000000000000000000000000000000000000000000000000000000000000000000000000000000000000000000000000001111175112383317,0.06591074541235219,-1.1764265304073862,0.0000000000000000000000000000000000000000000000000000000000000000000000000000000000000000000000025763546610926477,0.052531541624693166,-1.0644975690504364,0.0000000000000000000008012616808301976
ENSMUSG00000019990,Pde7b,0.9388003010154249,-0.6983792985512568,0.0000000000000000000000000000000000000000000000000000000000000000000000000000000000000000000000000000000000000000000000000000000011283975367058092,1.5972745951308793,0.694960857636792,0.000000000000000000000000000000000000000000000000000000000000000000000000000000000000000000000000000000000000000000000000000000000000000000000006445914369451189,1.146865085218091,-0.22053040796693704,0.0000008763456141850749
ENSMUSG00000029231,Pdgfra,0.9967623340696188,0.8183748712386786,0.000000000000000000000000000000000000000000000000000000000000000000000000000000000000053260844833708286,0.32669557384414255,-1.849151648920404,0,1.7809958376876014,1.5880919583891928,0.000000000000000000000000000000000000000000000000000000000000000000000000000000000000000000000000000000000000000000000000000000000000000000000000000000000000000000000002782742688301705
ENSMUSG00000027400,Pdyn,0.19030537815062978,-0.297366459145477,0.00000836868856131432,0.2680601275311827,0.7416707840314596,0.0000000000000000000000000000003923258314239398,0.05981532680794894,-1.9828740942464882,0.00000000000000000000000000000000000000000000000000027049597829895872
ENSMUSG00000022197,Pdzd2,0.5521229838029186,-0.3901021161116813,0.00000000000000000000000000000000000014119877533409495,0.7287857651409165,0.3159019306709386,0.0000000000000000000000000008697924424939047,0.6970361699612647,0.08160727584833283,0.08248779391830144
ENSMUSG00000035357,Pdzrn3,0.20824129736648955,-2.4856868685970372,0,1.2746497243542538,2.0768381006845322,0,0.6162523706560643,-0.46701176475526707,0.000000000000000000001532466507137177
ENSMUSG00000020717,Pecam1,0.1646543760367715,-2.1958820151478418,0,0.1331206513781673,-2.9501071016317226,0,3.9224286815647993,4.751001789972114,0
ENSMUSG00000045573,Penk,0.469960647983208,-0.6522395799911165,0.000000000000000000000000000000000000000000010642497875558869,0.8184711486816402,0.9013724345355124,0.000000000000000000000000000000000000000000000000000000000000000000000000000000000000000000015648940755394045,0.3317433069828312,-1.0355250801524303,0.00000000000000000000000000000000000000011098697149907251
ENSMUSG00000030413,Pglyrp1,0.0963396249057762,-1.9811160166374244,0.0000000000000000000000000000000000000000000000000000000000000000000000000000000000000000000000000000000000000000000000000000000000000000000000000000000000000000000000000000000000000000000000000000000000000000000000000000000000000000000000000000000000000000000000000000000000000000000013286572577049403,0.07846929742916042,-2.716224043105021,0,1.920270639221977,4.4877898031992975,0
ENSMUSG00000024867,Pip5k1b,2.016472094194823,1.1861930815695754,0,0.8845118101493387,-0.9912311565478646,0.0000000000000000000000000000000000000000000000000000000000000000000000000000000000000000000000000000000000000000000000000000000000000000000000000000000000000000000000000000000000000000000000000000000000000000000000000000000000000000000000000000000006752987250409123,0.8943605321985576,-0.5759419788684532,0.0000000000000000000000000000021508031332475914
ENSMUSG00000019876,Pkib,0.12146309998387389,0.8090016937784372,0.00000000000000000000000000000000000000000000000000000015183787235057566,0.07054441805303661,-0.6147944893853201,0.00000000000000000000000000000000034226797767114567,0.06312613825488338,-0.5189813992054289,0.00000002059008522513382
ENSMUSG00000036834,Plch1,0.2933050318828833,1.4784970131400967,0.000000000000000000000000000000000000000000000000000000000000000000000000000000000000000000000000000000000000000000000000000000000000000000000000000000000000000000000000000000000000000000000000000000000000000000000000000000000000000000000000000000000000000024145805288081007,0.10272029442713496,-1.3000824718815198,0.00000000000000000000000000000000000000000000000000000000000000000000000000000000000000000000000000000000000000000000000000000000000000000000000000000000000000000000000000000000000000000000000000000000017964420672286224,0.11808560827399514,-0.5920154502455017,0.00000000000007159121304467848
ENSMUSG00000087141,Plcxd2,1.191156046747393,-1.1631892586842547,0,2.9596176568438803,1.3162608776118734,0,1.1795317581611775,-0.9372401294571234,0.00000000000000000000000000000000000000000000000000000000000000000000000000000000004240280432533161
ENSMUSG00000049148,Plcxd3,0.5189547214294721,-0.842835913984204,0.0000000000000000000000000000000000000000000000000000000000000000000000000000000000000000000000000000000000000000000000000000000000000000000000009336471718316485,1.062496805973759,1.209738733225733,0,0.2597883382027893,-1.7041866032793231,0.0000000000000000000000000000000000000000000000000000000000000000000000000000000000000000000000000000000000000000000000000000000000000000000000000000000000000000000000000000000000000000000000009124526704419728
ENSMUSG00000031557,Plekha2,1.0307218869967063,1.5700932812298871,0,0.28499252007798276,-1.7312170325899414,0,0.6637073347287914,0.19313512795692855,0.0007000810298502317
ENSMUSG00000038583,Pln,0.019650382082081662,-1.7142790609594805,0.0000000000000000000000000000000000013298018308138349,0.01940079759837962,-2.095757475784473,0.000000000000000000000000000000000000000000000000000000000000000001996174395146702,0.29532438106655234,3.9196387190984363,0.000000000000000000000000000000000000000000000000000000000000000000000000000000000000000000000000000000000000000000000000000000000000000000000000000000000000000000000000000000007784943643473781
ENSMUSG00000090125,Pou3f1,0.48690745400701674,0.532720679017092,0.00000000000000000000000000000000000000000000000011903715861674325,0.35445430433646696,-0.2832854021582012,0.0000000000000005788985250566357,0.2454414885994067,-0.7285805400610774,0.000000000000000000000000000000004220284804287728
ENSMUSG00000061718,Ppp1r1b,0.9457900342392526,-0.17771637454110667,0.00000013291676348215435,1.1367654842800559,0.34370421194878065,0.000000000000000000000000012609864984959729,0.7283785183255774,-0.5426285552546217,0.000000000000000000000034673614740990994
ENSMUSG00000035456,Prdm8,1.1092574744455628,0.969407715090033,0.000000000000000000000000000000000000000000000000000000000000000000000000000000000000000000000000000000000000000000000000000000000000000000000000000000000000000000000000000000000000000000000000038585315080854875,0.6168414307841948,-0.5851120086990017,0.00000000000000000000000000000000000000000000000000000000000000000000000001079479888709537,0.30989195143306386,-1.3890779915136777,0.0000000000000000000000000000000000000000000000000000000000000000000000000000000000000000000000000000000000000000000000000039974220325269046
ENSMUSG00000010175,Prox1,2.995628213445932,3.444996872162987,0,0.24077775590846134,-3.3229991335165616,0,0.4496081944936974,-1.5673254747867449,0.0000000000000000000000000000000000000000000000000000000000000000000000000000000000000000000000000000000000000000000000000000000000000000000000000000000000000000001574234484455589
ENSMUSG00000023484,Prph,0.10853868760773965,0.8398615899109076,0.00000000000009305087043918668,0.024250996997974526,-2.529131147700724,0.000000000000000000000000000000000000000000000000000000000000000000000000000000000000000000000015673946936024,0.2461036508887936,2.0939133041129363,0.000000000000000000000000000000000000000000008726846975166776
ENSMUSG00000073565,Prr16,0.18028236447117874,-1.347898823462946,0.0000000000000000000000000000000000000000000000000000000000000000000000000000000000000000000000000000000000000000000000000000000000000000000000000000000000000000000000000000000000000000000000000000000000000000000000000000000000000000000000000000000000000000000000000000000000000000000000000012988835676892246,0.5077552496450917,1.4389187636501883,0,0.21056760802503058,-0.8427601023520064,0.00000000000000000000000000000000000000000000006142795522121565
ENSMUSG00000033491,Prss35,0.09304258093227256,1.111821698959779,0.000000000000000000000000000000000000000598147176616695,0.044777733742688675,-0.8278649161373588,0.00000000000000000000001385978988224985,0.03421171828498924,-0.8931435631017757,0.0000000071686404301852655
ENSMUSG00000048776,Pthlh,0.04662020178534139,-0.5049791992045027,0.000000000006012410712181911,0.06266284402869489,0.1802429633674505,0.0080545320795532,0.08431533151526381,0.5853913345118591,0.000000007575132578128781
ENSMUSG00000005716,Pvalb,0.6960059828066172,-1.5417277303315782,0.00000000000000000000000000000000000000000000000000000000000000000000000000000000000000000000000000000000000000000000000000000000000000000000000000000000000000000000000000000000000000000000000000000000000000000000000000000000000000000000000000000000000000000000000000000000000000000000000000000000000000000000020219585316521,2.266991860441015,1.6545363081893676,0,0.8005542078687483,-1.0382654266450464,0.000000000000000000000000000000000000000000000000000000009280444815610598
ENSMUSG00000003411,Rab3b,0.4203071657422433,-1.1954518562528575,0.00000000000000000000000000000000000000000000000000000000000000000000000000000000000000000000000000000000000000000000000000000000000000000000000000000000000000000000000000000000000000000000000000000054641538442194115,1.0904720632249938,1.4641334205892003,0,0.31121627601183766,-1.4054615430691986,0.00000000000000000000000000000000000000000000000000000000000000000000000000000000000000000000000000956741302314399
ENSMUSG00000021708,Rasgrf2,1.127589038938243,-1.112168443982472,0.00000000000000000000000000000000000000000000000000000000000000000000000000000000000000000000000000000000000000000000000000000000000000000000000000000000000000000000000000000000000000000000000000000000000000000000000000000000000000000000000000000000000000000000000000000000000000000000000000023856072025818507,2.762535000883555,1.3984646510687382,0,0.7811307807133996,-1.4365306938079199,0.0000000000000000000000000000000000000000000000000000000000000000000000000000000000000000000000000000000000000000000000000000000000000000000000000000000000000000000000000005849017878171553
ENSMUSG00000034209,Rasl10a,0.7214591622820653,-0.01220407902895948,0.7458500880988297,0.8335414111018101,0.47748456506682757,0.0000000000000000000000000000000000000002117416626766893,0.18761264865961844,-2.0711049081516624,0.000000000000000000000000000000000000000000000000000000000000000000000000000000000000000000000000000000000000000000000000000000000000000000000000000000000000000000000000000005342524135251665
ENSMUSG00000024990,Rbp4,0.055126575236980765,-2.4758916721180833,0,0.32964033776532514,1.9292028349012296,0,0.19158562239593976,-0.2036896094348628,0.005144610682348623
ENSMUSG00000020037,Rfx4,0.7904333222077613,1.2480265271304996,0.0000000000000000000000000000000000000000000000000000000000000000000000000000000000000000000000000000000000000000000000000000000000000000000000000000000000000000000000000000000000000000000000000000000000000000000000000000000000000000000000000000000000000000000000000000000000000000000000000000000000000000000000000000000001,0.3093301277795215,-1.2039211530117102,0.00000000000000000000000000000000000000000000000000000000000000000000000000000000000000000000000000000000000000000000000000000000000000000000000000000000000000000000000000000000000000000000000000000000000000000000000000000000000000000000000000000000000000000000000000000000000000000000000000000000000000000068881907138973925,0.4522568436512449,-0.14455356562463983,0.006930859291800531
ENSMUSG00000032890,Rims3,2.3068757273810228,-0.8208811038858352,0.0000000000000000000000000000000000000000000000000000000000000000000000000000000000000000000000000000000000000000000000000000000000000000000000000000000000000000000000000000000000000000000006089006808919538,4.446896658448233,0.9652755702567068,0.0000000000000000000000000000000000000000000000000000000000000000000000000000000000000000000000000000000000000000000000000000000000000000000000000000000000000000000000000000000000000000000000000000000000000000000000000000000000000000000000000000000000000000000000000000000000000000000000000000467014401775146,2.179617535898508,-0.7235016179049218,0.00000000000000000000000000000000000000000000000000000000028083612380009942
ENSMUSG00000112117,Rmst,1.8509604867249403,1.1327414619684135,0,0.7890668148215961,-1.0935142154606856,0.000000000000000000000000000000000000000000000000000000000000000000000000000000000000000000000000000000000000000000000000000000000000000000000000000000000000000000000000000000000000000000000000000000000000000000000000000000000000000000000000000000000000000000000000000000000000000000000000000000000000000000000000000000046536,1.124572288142066,-0.10566280491609681,0.026759431402040124
ENSMUSG00000047496,Rnf152,0.6543972878610014,0.24055624762205063,0.0000000000002556417796936415,0.5400177367227541,-0.2619762491957718,0.00000000000000014291775464201753,0.6246397596549649,0.0938698947260499,0.06999513831919542
ENSMUSG00000035305,Ror1,0.14065189590966504,1.63552157054251,0.000000000000000000000000000000000000000000000000000000000000000000000000000000000000000000000000000000000000000000000000000000000000000000000000000000000000000000000000000000000000000000000000000000000000000000000000000000805296289516023,0.01797172098957041,-3.064812163897029,0,0.184301837212684,1.4693063806220437,0.000000000000000000000000000000000000000000000000000000000000000000000000000000000000001117821920216475
ENSMUSG00000036192,Rorb,1.2814291107419225,-0.6671237565172106,0.0000000000000000000000000000000000000000000000000000000000000000000000000000000000000000000000000000000000000000024722774180342475,2.16777929950823,0.7390099088851205,0.0000000000000000000000000000000000000000000000000000000000000000000000000000000000000000000000000000000000000000000000000000000000000000000000000000000000048611136664098,1.3569912517168636,-0.42076028416705996,0.0000000000000000001184226779540059
ENSMUSG00000075334,Rprm,0.39551339506149596,-1.0911299895443975,0.00000000000000000000000000000000000000000000000000000000000000000000000000000000000000000000000000000000000000000000000000000000000000000000000000000000000000000000000000000000007100754504185526,0.9688273300690823,1.4667638469508746,0,0.1997522906317114,-1.8910992354948468,0.0000000000000000000000000000000000000000000000000000000000000000000000000000000000000000000000000000000000000000000000000000000000000000000000000000000000000000000000000000027279648190781517
ENSMUSG00000028871,Rspo1,0.11025315047396153,-2.184854176446522,0,0.5493283873559051,1.9287682835386237,0,0.2580225720977576,-0.5396114612255254,0.0000000000000000035966013520479075
ENSMUSG00000051920,Rspo2,0.11229731773753379,-0.83799926821386,0.000000000000000000000000000000000000012921004443116525,0.21934160677632317,0.9830631719891301,0.00000000000000000000000000000000000000000000000000000000012496864919586409,0.1063874078281601,-0.7311847161353096,0.0000000000020245570719842416
ENSMUSG00000034009,Rxfp1,0.056445392826382224,-2.470956827425487,0.00000000000000000000000000000000000000000000000000000000000000000000000000000000000000000000000000000000000000000000000000000000000000000000000000000000000000000000000000000000000000000000000000000000000000000000000000000000000000000000000000000000000000000000000000000000000000000000000000000010698247525732518,0.36415470313565673,2.7038008275266714,0,0.05385586620346694,-2.163430121467338,0.00000000000000000000000000000000000000000000000000000000000000000000000000000007237434399144265
ENSMUSG00000038331,Satb2,0.20718624329496838,-3.2583128942558366,0,2.2610157218950855,2.9638336787344564,0,0.5661487574257897,-1.353431590940341,0.000000000000000000000000000000000000000000000000000000000000000000000000000000000000000000000000000000000000000000000000000000000000000000000000000000000000000000000006833620582669793
ENSMUSG00000041592,Sdk2,0.4488595665527848,-0.590839367672322,0.00000000000000000000000000000000000000000000000000000000000000000000003591848375468964,0.7647292071200574,0.9450165635321286,0.00000000000000000000000000000000000000000000000000000000000000000000000000000000000000000000000000000000000000000000000000000000000000000000000000000000000000000000000000000000000000000000000000011713268349032923,0.22425229533902627,-1.5107827265878173,0.00000000000000000000000000000000000000000000000000000000000000000000000000000000000000000000000000000000000000000000000000000000000000000000000000000013863668597403923
ENSMUSG00000028883,Sema3a,0.09389981236538351,-2.9818987353912076,0,0.8349704877106193,2.6347891696587937,0,0.26994149330672157,-1.0027105099006575,0.00000000000000000000000000000000000000000000000000000000000000000003163573938051792
ENSMUSG00000040254,Sema3d,0.2718742460551097,1.6034087733476385,0.00000000000000000000000000000000000000000000000000000000000000000000000000000000000000000000000000000000000000000000000000000000000000000000000000000000000000000000000000010437219482726298,0.06201326375196343,-2.0786614925506797,0.00000000000000000000000000000000000000000000000000000000000000000000000000000000000000000000000000000000000000000000000000000000000000000000000000000000000000000000000000000000000000000000000000000000000000000000000000000000000000000000000000000000000000000000000000000000000000000040633515815594905,0.22932887289099244,0.6601998356104248,0.000000000000025784719616137908
ENSMUSG00000063531,Sema3e,0.903587871378406,0.767459936241633,0.0000000000000000000000000000000000000000000000000000000000000000000000000000000000000000000000000000000000000000000000000006502554635693535,0.5992161526088813,-0.29979046685765987,0.000000000000000000003269207313621963,0.18209462958139436,-1.9816324455293077,0.0000000000000000000000000000000000000000000000000000000000000000000000000000000000000000000000000000000000000000000000000000000000000000000000000000000000000000000000000000000000000000000000000000000002068241723303668
ENSMUSG00000052133,Sema5b,0.2609940009425477,0.4225730784700146,0.000000000000000000000001789263168569738,0.21743617129791087,-0.011257568241420657,0.7851344673517855,0.0790180332001687,-1.5669967892420957,0.0000000000000000000000000000000000000000000000000000000000000000000000000000008577319923229802
ENSMUSG00000019647,Sema6a,1.6113313307306962,1.4419108052988419,0,0.46427667645586584,-1.7185840875027756,0,1.2495002400730588,0.4431935573367919,0.00000000000000000000007474088877115092
ENSMUSG00000053930,Shisa6,0.735702392247601,2.334627929783382,0,0.13030580351233098,-2.2458138578232516,0,0.22491445762841317,-0.7182303220227242,0.0000000000000000000000000000000018455193140838054
ENSMUSG00000051504,Siglech,0.5868738272836469,0.9136677711370178,0.000000000000000000000000000000000000000000000000000000000000000000000000000000000000000004195559753174592,0.29885023264825394,-0.8491487460338679,0.000000000000000000000000000000000000000000000000000000000000000000000000000000005197886536763694,0.37610818037175275,-0.13460061554513025,0.07184803035203073
ENSMUSG00000030583,Sipa1l3,1.9029878406268277,1.5208524883345287,0,0.6247663101603187,-1.4121140824634328,0,0.8586037685716655,-0.39805802623275477,0.0000000000000000013761593048761853
ENSMUSG00000022372,Sla,0.06561117507272232,-0.6491678212419587,0.000000000000000000000000000026096289759104784,0.11064517380325876,0.7626289728142877,0.00000000000000000000000000000000000000000003706838510905023,0.06378830054427027,-0.536437648442674,0.000000023284581686353744
ENSMUSG00000029843,Slc13a4,0.42380203235415714,0.447090921700225,0.00000000000000016172042302892701,0.02433760770153872,-4.911580754620526,0,1.771284124109927,3.2770516070805593,0
ENSMUSG00000030500,Slc17a6,2.48544362898598,1.5191334500844862,0,0.9319311703507354,-1.1282467802170526,0.00000000000000000000000000000000000000000000000000000000000000000000000000000000000000000000000000000000000000000000000000000000000000000000000000000000000000000000000000000000000000000000000000000000000000000000000000000000000000000000000000000000000000000008459254848976311,0.5367928959296377,-1.527442817154936,0.00000000000000000000000000000000000000000000000000000000000000000000000000000000000000000000000000000000000000000000000000000000000000000019608620900455865
ENSMUSG00000070570,Slc17a7,7.2849505412152205,-0.6262323137120944,0.0000000000000000000000000000000000000000000000000000000000000000000000000000000000000000000000000000000000000000000000000000000000000000019607782031168317,12.514640390101189,0.9000365296951287,0.000000000000000000000000000000000000000000000000000000000000000000000000000000000000000000000000000000000000000000000000000000000000000000000000000000000000000000000000000000000000000000000000000000000000000000000000000000000000000000000000000000000000000000000000000000000000000000000000000000000000000000000000279040250205,4.76933424969063,-1.130698370436066,0.000000000000000000000000000000000000000000000000000000000000000000000000000000000000000000000000000000000000000000000000000000000000000000000000000000000000002711120019284284
ENSMUSG00000036949,Slc39a12,1.8967234570771707,0.8546983736921783,0.00000000000000000000000000000000000000000000000000000000000000000000000000000000000000000000000000000000000000000000000000000000000000000000000000000000000000000000000000000000000000003809888286067604,0.9721618421563037,-0.8819118406025626,0.0000000000000000000000000000000000000000000000000000000000000000000000000000000000000000000000000000000000000000000000000000000000000000000000000000000000000000000000000000000000000000000000000000000000008550542987529761,1.4395408171270958,0.10473219697062541,0.025788754551814917
ENSMUSG00000028360,Slc44a5,0.6472756728782335,2.1585231565872256,0,0.15680867880297455,-1.7232012048475183,0,0.08453605227839278,-2.051405407644264,0.00000000000000000000000000000000000000000000000000000000000000000000000000000000000000000000000000000000000000000000000000000000015512156031687873
ENSMUSG00000021609,Slc6a3,0.012660648858253956,2.287575219709672,0.0000000000000000000000000000000001495859400699667,0.0018621301266301868,-2.557961444805601,0.000000000000000000000000000000000006216939422929261,0.006180181367610961,0.05300085232909435,0.9246541437228365
ENSMUSG00000054404,Slfn5,0.05130200422771655,-1.9303567343366108,0.000000000000000000000000000000000000000000000000000000000000000000000000000000000000000000000000000000000000000000000000000000000000000000000000000000000000000000000000000000000000000000000000000000000000000000000000000000000062272132129964665,0.04408484811417512,-2.5719425225795773,0,0.968743429373018,4.366293437476141,0
ENSMUSG00000031558,Slit2,1.0998279286813424,-0.16313585131836694,0.000000048316793712567015,1.355154373317173,0.4600414869908912,0.00000000000000000000000000000000000000000000000000000000037754280799640044,0.6012433587632948,-1.0602316199832398,0.0000000000000000000000000000000000000000000000000000000000000000000000000000000000000000000000006357437460601098
ENSMUSG00000023064,Sncg,0.41226237844689445,2.469049907270105,0,0.05027751341901504,-2.8504200696884276,0,0.19754508300042176,0.02898142880181087,0.7150138940770401
ENSMUSG00000060429,Sntb1,0.17447956707781234,1.3185597411680674,0.00000000000000000000000000000000000000000000000000000000000000000000000000000000000000000000000000000000000000000000000000000000000000000000000000510352932850535,0.03421122790785692,-2.4895580440873823,0,0.2520631114932756,1.4893384584055436,0.000000000000000000000000000000000000000000000000000000000000000000000000000000000000000000000003701395547658948
ENSMUSG00000063434,Sorcs3,0.5514635750082179,-0.6624431711243401,0.000000000000000000000000000000000000000000000000000000000000000000000000000000000000000000000016895009742123496,1.0071958717480205,1.1059294108728683,0.000000000000000000000000000000000000000000000000000000000000000000000000000000000000000000000000000000000000000000000000000000000000000000000000000000000000000000000000000000000000000000000000000000000000000000000000000000000000000000000000000000000000000000000000000000000000000000000011709028927424746,0.18827481094900533,-2.132885830234352,0.0000000000000000000000000000000000000000000000000000000000000000000000000000000000000000000000000000000000000000000000000000000000000000000000000000000000000000000000000000000000000000000000000000000000000000000000000000000000000000000000000000000000000000004866027244054033
ENSMUSG00000033006,Sox10,1.6967907105239104,3.0056110544070296,0,0.21184978091802031,-2.6762416703665717,0,0.20813967963061197,-1.9421162677394535,0.00000000000000000000000000000000000000000000000000000000000000000000000000000000000000000000000000000000000000000000000000000000000000000000000000000000000000000000002158122912456471
ENSMUSG00000063632,Sox11,1.064945203441674,0.7164653173050282,0.000000000000000000000000000000000000000000000000000000000000000000000000000000000000000000033620063295090844,0.6758666252631936,-0.47051282395437294,0.0000000000000000000000000000000000000000010902301581543279,0.5065541513809698,-0.712262606116981,0.000000000000000000000000000000007445273949228371
ENSMUSG00000025902,Sox17,0.030069041038353145,-3.096973181421088,0,0.023081752499857895,-3.9511785635609105,0,1.4541083874936074,5.812222003022473,0
ENSMUSG00000053153,Spag16,0.1881293291281174,3.3131456671127273,0.000000000000000000000000000000000000000000000000000000000000000000000000000000000000000000000000000000000000000000000000000000000000000000000000000000000000000000000000000000000000000000000000000000000000000000000000000000000000000000000000000000000000000000000000000033018299336516896,0.005369863620980074,-4.930817761464406,0,0.08784686372532723,0.17777980420360873,0.1927602548897697
ENSMUSG00000002111,Spi1,0.16050010063015693,0.9016450212117024,0.000000000000000000000000000000000000000000000000000000000000005884428965646772,0.07379231943669391,-1.0938473223270586,0.0000000000000000000000000000000000000000000000000000000000000000000000000000000000000000000000681009411323386,0.14766219053327617,0.4506136586782068,0.00000011220412518440404
ENSMUSG00000029304,Spp1,0.047543374097922406,-2.271642665775815,0.000000000000000000000000000000000000000000000000000000000000000000000000000000000000000000000000000000000000000000000000000000000000000000000000000015440364381509163,0.03732921323616793,-3.076418971231179,0,1.2110948272886193,4.870371052656566,0
ENSMUSG00000004366,Sst,0.031717563025104964,-2.05890683963485,0.0000000000000000000000000000000000000000000000000000000000000000000000000000000000000000000000012023715349328374,0.1527812810872395,2.300524640909529,0.00000000000000000000000000000000000000000000000000000000000000000000000000000000000000000000000000000000000000000000000000000000000000000003517131663616735,0.02847297844363621,-1.8693558017504657,0.00000000000000000000000000013575231286255292
ENSMUSG00000046027,Stard5,0.2652801581081024,0.9265684374594698,0.000000000000000000000000000000000000000000000000000000000000000000000000000000000000000000000000000000000000000000000002773176244430568,0.1363685527618246,-0.8159788590035824,0.00000000000000000000000000000000000000000000000000000000000000000000000000000000000000000000000030084596178208996,0.15582885876904778,-0.26513160406002223,0.00007644583442433864
ENSMUSG00000039629,Strip2,0.5441441373870398,0.7916020983061269,0.0000000000000000000000000000000000000000000000000000000000000000000000000000000000000002511003545082135,0.31171192212753684,-0.6653194863309624,0.000000000000000000000000000000000000000000000000000000000000000010857347293012462,0.32777033324650984,-0.30053128587511724,0.000004242495998638235
ENSMUSG00000074736,Syndig1,0.5928744473154235,-0.5945634518434257,0.000000000000000000000000000000000000000000000000000000000000000000000000000000000000000000922386568629162,1.0186284846184943,0.9760124094158492,0.000000000000000000000000000000000000000000000000000000000000000000000000000000000000000000000000000000000000000000000000000000000000000000000000000000000000000000000000000000000000000000000000000000000000000000000000000000000000000000000000000000000000000000000001382620800339413,0.26663068185978717,-1.671511996694699,0.000000000000000000000000000000000000000000000000000000000000000000000000000000000000000000000000000000000000000000000000000000000000000000000000000000000000000000000000000000000000000000000000000000000000000000000000000000000009240246459620112
ENSMUSG00000058420,Syt17,0.3672247577688348,0.7616103362236619,0.000000000000000000000000000000000000000000000000000000000000000000000000000000000000000000000000000001408352755923784,0.22168009577255643,-0.5590626298168424,0.0000000000000000000000000000000000000000000000000000000001136230464664981,0.1907027393434239,-0.5496200397670061,0.00000000000000000411576454954823
ENSMUSG00000026452,Syt2,0.1527850177321584,-1.7337527777794086,0,0.570201566914876,1.815013180147814,0,0.19290994697471356,-1.0677816492789718,0.0000000000000000000000000000000000000000000000000000000000000000000385340526796713
ENSMUSG00000027849,Syt6,0.8026983257891949,0.7447062885483458,0.0000000000000000000000000000000000000000000000000000000000000000000004025003130137464,0.5402775688334467,-0.2809416883815703,0.000000000008678798573471942,0.16686489692549594,-1.947487629603542,0.0000000000000000000000000000000000000000000000000000000000000000000000000000000000000000000000000000000000000000000013622516036663899
ENSMUSG00000030043,Tacr1,0.1492242102407745,3.0295618490766296,0,0.019270881543033327,-2.6103640429399695,0.0000000000000000000000000000000000000000000000000000000000000000000000000000000000000000000000000000000000000000000000000000000000000000000000000000000000000000000000000000000000000000000000000000000000000000000000000000000000000000000000018610956108518996,0.01302252502460881,-2.4189911760301332,0.000000000000000000000000000000000000000000000036381169750337087
ENSMUSG00000035168,Tanc1,1.9385299746611968,2.040634955109061,0,0.3948148921973817,-2.098050059922036,0,0.8601488139135683,-0.2269889805614527,0.0000011401719990316836
ENSMUSG00000000214,Th,0.017078687782748826,0.7427527540804766,0.0007160292314763126,0.01017675766879288,-0.6089423000598044,0.004958515272300586,0.010373875867061256,-0.28865930768245374,0.5022742168036192
ENSMUSG00000032625,Thsd7a,1.3887149216397308,1.040596213079796,0.00000000000000000000000000000000000000000000000000000000000000000000000000000000000000000000000000000000000000000000000000000000000000000000000000000000000000000000000000000000000000000000000000000000000000000000000000000000000000000000000000000000000000000000000000000000070935761641428,0.7209908018201391,-0.6992982757236625,0.00000000000000000000000000000000000000000000000000000000000000000000000000000000000000000000000000000000000000000000000000000000300872057282816,0.4410000847316678,-1.159933866721036,0.0000000000000000000000000000000000000000000000000000000000000000000000000000000000000000000000000000000000001100383948496684
ENSMUSG00000024642,Tle4,1.3288406030809048,-0.19445457390151255,0.000000000007750641058729522,1.6387611221381286,0.4088080390483046,0.000000000000000000000000000000000000000000000000003759494162115571,0.9181983746164856,-0.7232634245582967,0.000000000000000000000000000000000000000000000000000008875532231166907
ENSMUSG00000034310,Tmem132d,0.32073643774243354,-2.703566394393291,0,2.414663110017967,2.8004164001640905,0,0.43305413725902514,-1.8710940604791748,0.0000000000000000000000000000000000000000000000000000000000000000000000000000000000000000000000000000000000000000000000000000000000000000000000000000000000000000000000000000000000000000000000000000000000000000000000000000000000000000000000000000000000000000000000000000000000006174262847976843
ENSMUSG00000026347,Tmem163,1.4638875242356137,1.8551348364978695,0,0.42989222714088055,-1.4695034062112107,0,0.2756802331480746,-1.60616826783796,0.0000000000000000000000000000000000000000000000000000000000000000000000000000000000000000000000000000000000000000000000000000000000000000000000000007757876470107573
ENSMUSG00000036502,Tmem255a,0.49092984765469116,1.4332467714639174,0.00000000000000000000000000000000000000000000000000000000000000000000000000000000000000000000000000000000000000000000000000000000000000000000000000000000000000000000000000000000000000000000000000000000000000000000000000000000000000000000000000000000000021435573881529097,0.1910632120626136,-1.0976153456694109,0.000000000000000000000000000000000000000000000000000000000000000000000000000000000000000000000000000000000000000000000000000000000000000000000000000000012729372828982865,0.1344189447455384,-1.2032447423761914,0.00000000000000000000000000000000000000000000000001844515785819829
ENSMUSG00000041272,Tox,0.3959749812177865,-0.6122278443839111,0.0000000000000000000000000000000000000000000000000000000000000000000000000000003887575028573082,0.6696739599583537,0.8608788442050683,0.000000000000000000000000000000000000000000000000000000000000000000000000000000000000000000000000000000000000000000000000000000000000000000000000000000000000000000000000009724716198183355,0.2774459992531063,-1.0154554573034837,0.000000000000000000000000000000000000000000000000000000000000000000000000000001661539719390573
ENSMUSG00000076498,Trbc2,0.011803417425143011,-3.3849919925216723,0,0.14048256118112384,2.94265916250536,0,0.039729737363213315,-1.1639581927545786,0.00000000000000000000000000020974223142005933
ENSMUSG00000023992,Trem2,0.6099531350981724,0.7349450006656617,0.0000000000000000000000000000000000000000000000000000000000008029416888936545,0.3436279663909426,-0.756967510111862,0.00000000000000000000000000000000000000000000000000000000000000000025398360428163504,0.48293702972617075,0.10477296609552478,0.14141695779618968
ENSMUSG00000029026,Trp73,0.11440742588057612,3.407425895866222,0.0000000000000000000000000000000000000000000000000000000000000000000000000000000000000000000000000000000000000000000000000000000000000000000000000000000000000000000000000000000000000000000000000000000000000000000000000000000000000000000000000000000000003273962667440527,0.0057596117870189496,-4.055185016812004,0.00000000000000000000000000000000000000000000000000000000000000000000000000000000000000000000000000000000000000000000000000000000000000000000000000000000000000000000000000000000000000000000000000000000000000000000000000000000000000000000000000000000000000000000000000009673371602486987,0.036198205153149914,-0.42406573293597916,0.007194352861671295
ENSMUSG00000027748,Trpc4,0.8320420171533772,0.5256378553319148,0.000000000000000000000000000000000000000000000000000000000000003853229496013188,0.6523518192455148,-0.07338498273918703,0.016703380539696566,0.19886940757919555,-1.8620661456893546,0.0000000000000000000000000000000000000000000000000000000000000000000000000000000000000000000000000000000000000000000000000000000000000000000000000000000000000000000000000000000000000000000000000000000000000000000000000000000898293738832656
ENSMUSG00000062151,Unc13c,0.5277907992784618,0.44075386513199,0.000000000000000000000000000000000021097482562175854,0.3698710095708936,-0.48612088332940584,0.00000000000000000000000000000000000000000000296151361887871,0.48558567888371834,0.16741146964042075,0.002662463384005032
ENSMUSG00000046844,Vat1l,1.099564165163462,0.9188056795155332,0.0000000000000000000000000000000000000000000000000000000000000000000000000000000000000000000000000000000000000000000000000000000000000000002400675027275559,0.5709377578951716,-0.7982780139231387,0.00000000000000000000000000000000000000000000000000000000000000000000000000000000000000000000000000000000000010835608741853858,0.635896518574542,-0.2954090182837935,0.0000009414835958444021
ENSMUSG00000019772,Vip,0.20797753384860926,-0.5384017315095793,0.000000000000046333481934422164,0.3336677354810602,0.7923917963052554,0.00000000000000000000000000000017760684437686916,0.14126128840253624,-1.0048930295096203,0.00000000000000017717390081979038
ENSMUSG00000045648,Vwc2l,0.8991698324539111,1.9199223410885515,0,0.2251445239151242,-1.7579656528698007,0,0.3010631209079054,-0.7088568649289504,0.000000000000000000000000012028143146559865
ENSMUSG00000039474,Wfs1,0.8104134086871934,0.33401390084789334,0.0000000000000000000000013207122899470711,0.6807601300145706,-0.09583612448022244,0.0025447193279546734,0.4500496360199553,-0.7016895250479767,0.00000000000000000000000000000000000011822249699835248
ENSMUSG00000050919,Zfp366,0.05103824070983626,-2.0859669745249256,0.0000000000000000000000000000000000000000000000000000000000000000000000000000000000000000000000000000000000000000000000000000000000000000000000000000000000000000000000000000000000000000000000000000000000000000000000000000000000000000000000000000000006366481645088668,0.03988422899131167,-2.8941016774281803,0,1.1192749898269707,4.658081482139571,0
ENSMUSG00000043456,Zfp536,1.7529063989529423,1.4898416075994754,0,0.6162351558592455,-1.285709419323172,0,0.6641487762550493,-0.683565811037461,0.000000000000000000000000000000000000000009166843184727537
ENSMUSG00000022306,Zfpm2,0.3390020613556437,-0.03024133599406742,0.3888506486735697,0.38909858576214484,0.4221734108062205,0.0000000000000000000000000000000000008915579302190124,0.12757660108854055,-1.5310850634680848,0.000000000000000000000000000000000000000000000000000000000000000000000000000000000000000000000000000000000000000002909874052487659
